# id	theme	search page	approved photo page	direct image URL	license	creator
# Curated for ages 3–6: one recognizable subject, no watermark/text overlay, and no Course Sticker duplicate.
madu	makanan	https://www.pexels.com/search/honey%20jar/	https://www.pexels.com/photo/close-up-shot-of-a-glass-jar-with-honey-7473575/	https://images.pexels.com/photos/7473575/pexels-photo-7473575.jpeg	Pexels License	Yuliia Bas
kopi	makanan	https://www.pexels.com/search/coffee%20cup/	https://www.pexels.com/photo/close-up-photo-of-cup-of-coffee-7542875/	https://images.pexels.com/photos/7542875/pexels-photo-7542875.jpeg	Pexels License	Daniel Dan
keju	makanan	https://www.pexels.com/search/cheese%20wedge/	https://www.pexels.com/photo/cheese-on-pan-16134592/	https://images.pexels.com/photos/16134592/pexels-photo-16134592.jpeg	Pexels License	Valeria Boltneva
nasi	makanan	https://www.pexels.com/search/kids%20eating%20rice/	https://www.pexels.com/photo/children-eating-rice-with-shrimps-20089302/	https://images.pexels.com/photos/20089302/pexels-photo-20089302.jpeg	Pexels License	Nothing Ahead
roti	makanan	https://unsplash.com/s/photos/loaf-of-bread	https://unsplash.com/photos/bread-on-brown-wooden-table-yL9qjDDmmMU	https://images.unsplash.com/photo-1590301157172-7ba48dd1c2b2?crop=entropy&cs=tinysrgb&fit=max&fm=jpg&ixid=M3wxMjA3fDB8MXxzZWFyY2h8OHx8bG9hZiUyMG9mJTIwYnJlYWR8ZW58MHx8fHwxNzg3NDc0NjcxfDA&ixlib=rb-4.1.0&q=80&w=1080	Unsplash License	Vicky Ng
susu	makanan	https://unsplash.com/s/photos/glass-of-milk	https://unsplash.com/photos/clear-drinking-glass-with-brown-liquid-2rlleYcpvtI	https://images.unsplash.com/photo-1588710929895-6ee7a0a4d155?crop=entropy&cs=tinysrgb&fit=max&fm=jpg&ixid=M3wxMjA3fDB8MXxzZWFyY2h8Nnx8Z2xhc3MlMjBvZiUyMG1pbGt8ZW58MHx8fHwxNzg3NDc0NjcyfDA&ixlib=rb-4.1.0&q=80&w=1080	Unsplash License	engin akyurt
soto	makanan	https://www.pexels.com/search/soto%20ayam/	https://www.pexels.com/photo/delicious-indonesian-chicken-soto-with-herbs-37193498/	https://images.pexels.com/photos/37193498/pexels-photo-37193498.jpeg	Pexels License	Dwi Rizqi F
sate	makanan	https://unsplash.com/s/photos/satay-skewers	https://unsplash.com/photos/a-white-plate-topped-with-meat-and-veggies-next-to-a-bowl-of-sauce-qCmoHnvA94o	https://images.unsplash.com/photo-1696385793103-71f51f6fd3b7?crop=entropy&cs=tinysrgb&fit=max&fm=jpg&ixid=M3wxMjA3fDB8MXxzZWFyY2h8N3x8c2F0YXklMjBza2V3ZXJzfGVufDB8fHx8MTc4NzQ3NDY3NXww&ixlib=rb-4.1.0&q=80&w=1080	Unsplash License	K Azwan
tahu	makanan	https://unsplash.com/s/photos/tofu-cubes	https://unsplash.com/photos/a-pile-of-tofu-cubes-sitting-on-top-of-a-cutting-board-SGSJOJcEIL8	https://images.unsplash.com/photo-1722635940350-d1b2e5129379?crop=entropy&cs=tinysrgb&fit=max&fm=jpg&ixid=M3wxMjA3fDB8MXxzZWFyY2h8Mnx8dG9mdSUyMGN1YmVzfGVufDB8fHx8MTc4NzQ3NDY3Nnww&ixlib=rb-4.1.0&q=80&w=1080	Unsplash License	Kamala Bright
bata	rumah	https://www.pexels.com/search/single%20brick/	https://commons.wikimedia.org/wiki/File:Brick.jpg	https://upload.wikimedia.org/wikipedia/commons/thumb/0/01/Brick.jpg/960px-Brick.jpg	Public domain	Andrewlister
palu	benda	https://unsplash.com/s/photos/hammer-tool	https://unsplash.com/photos/black-and-silver-claw-hammer-YU2mCvXR0wA	https://images.unsplash.com/photo-1607870411590-d5e9e06da09a?crop=entropy&cs=tinysrgb&fit=max&fm=jpg&ixid=M3wxMjA3fDB8MXxzZWFyY2h8Nnx8aGFtbWVyJTIwdG9vbHxlbnwwfHx8fDE3ODc0NzQ2Nzl8MA&ixlib=rb-4.1.0&q=80&w=1080	Unsplash License	Andrew George
paku	benda	https://unsplash.com/s/photos/metal-nail-tool	https://unsplash.com/photos/a-pile-of-nails-sitting-on-top-of-a-white-table-q37QoC0m_is	https://images.unsplash.com/photo-1640958899091-a1f55539eac0?crop=entropy&cs=tinysrgb&fit=max&fm=jpg&ixid=M3wxMjA3fDB8MXxzZWFyY2h8Nnx8bWV0YWwlMjBuYWlsJTIwdG9vbHxlbnwwfHx8fDE3ODc0NzQ2ODB8MA&ixlib=rb-4.1.0&q=80&w=1080	Unsplash License	Gabriel Mihalcea
sofa	rumah	https://unsplash.com/s/photos/single-sofa-furniture	https://unsplash.com/photos/a-chair-that-is-sitting-in-the-middle-of-a-room-dsSRy6cizeo	https://images.unsplash.com/photo-1722357533644-9b20e356ba5f?crop=entropy&cs=tinysrgb&fit=max&fm=jpg&ixid=M3wxMjA3fDB8MXxzZWFyY2h8M3x8c2luZ2xlJTIwc29mYSUyMGZ1cm5pdHVyZXxlbnwwfHx8fDE3ODc0NzQ2ODF8MA&ixlib=rb-4.1.0&q=80&w=1080	Unsplash License	BUTAFORYA COM
teko	rumah	https://unsplash.com/s/photos/teapot	https://unsplash.com/photos/a-red-tea-pot-sitting-on-top-of-a-table-2bF5-2o9n68	https://images.unsplash.com/photo-1639428133787-b580d8c27f96?crop=entropy&cs=tinysrgb&fit=max&fm=jpg&ixid=M3wxMjA3fDB8MXxzZWFyY2h8NHx8dGVhcG90fGVufDB8fHx8MTc4NzQ3NDY4Mnww&ixlib=rb-4.1.0&q=80&w=1080	Unsplash License	Maja Vujic
tisu	benda	https://www.pexels.com/search/tissue%20roll/	https://www.pexels.com/photo/minimalist-toilet-paper-roll-on-blue-background-29272974/	https://images.pexels.com/photos/29272974/pexels-photo-29272974.jpeg	Pexels License	Sadi Hockmuller
pita	benda	https://unsplash.com/s/photos/gift-ribbon-bow	https://unsplash.com/photos/a-group-of-white-bows-on-a-red-background-qvvWL1CocI4	https://images.unsplash.com/photo-1675475132186-a55abc369591?crop=entropy&cs=tinysrgb&fit=max&fm=jpg&ixid=M3wxMjA3fDB8MXxzZWFyY2h8M3x8Z2lmdCUyMHJpYmJvbiUyMGJvd3xlbnwwfHx8fDE3ODc0NzQ2ODR8MA&ixlib=rb-4.1.0&q=80&w=1080	Unsplash License	ZUZANA
dadu	benda	https://unsplash.com/s/photos/single-dice	https://unsplash.com/photos/a-white-dice-sitting-on-top-of-a-black-table-7YlaQ3Tomjg	https://images.unsplash.com/photo-1683742541644-9a1380d5a604?crop=entropy&cs=tinysrgb&fit=max&fm=jpg&ixid=M3wxMjA3fDB8MXxzZWFyY2h8NHx8c2luZ2xlJTIwZGljZXxlbnwwfHx8fDE3ODc0NzQ2ODV8MA&ixlib=rb-4.1.0&q=80&w=1080	Unsplash License	Marcus Ganahl
buku	benda	https://www.pexels.com/search/children%20reading%20book/	https://www.pexels.com/photo/children-reading-a-book-7494501/	https://images.pexels.com/photos/7494501/pexels-photo-7494501.jpeg	Pexels License	Artem Podrez
meja	rumah	https://www.pexels.com/search/kids%20playing%20at%20table/	https://www.pexels.com/photo/kids-playing-at-the-table-8422175/	https://images.pexels.com/photos/8422175/pexels-photo-8422175.jpeg	Pexels License	Pavel Danilyuk
bola	benda	https://unsplash.com/s/photos/soccer-ball	https://unsplash.com/photos/a-football-ball-on-the-grass-OCH9nlz0BY4	https://images.unsplash.com/photo-1660926655155-8b1f8f9079f5?crop=entropy&cs=tinysrgb&fit=max&fm=jpg&ixid=M3wxMjA3fDB8MXxzZWFyY2h8Nnx8c29jY2VyJTIwYmFsbHxlbnwwfHx8fDE3ODc0NzQ2ODl8MA&ixlib=rb-4.1.0&q=80&w=1080	Unsplash License	Carlos Felipe Ramírez Mesa
topi	benda	https://unsplash.com/s/photos/single-hat	https://unsplash.com/photos/a-yellow-baseball-cap-on-a-white-background-8XZBP38QJFM	https://images.unsplash.com/photo-1645266729222-17cd32e06fd0?crop=entropy&cs=tinysrgb&fit=max&fm=jpg&ixid=M3wxMjA3fDB8MXxzZWFyY2h8M3x8c2luZ2xlJTIwaGF0fGVufDB8fHx8MTc4NzQ3NDY5MHww&ixlib=rb-4.1.0&q=80&w=1080	Unsplash License	sonu kumar
baju	benda	https://unsplash.com/s/photos/shirt-clothing	https://unsplash.com/photos/a-blue-shirt-hanging-on-a-white-wall-vcTKFYNZop4	https://images.unsplash.com/photo-1740711152088-88a009e877bb?crop=entropy&cs=tinysrgb&fit=max&fm=jpg&ixid=M3wxMjA3fDB8MXxzZWFyY2h8Mnx8c2hpcnQlMjBjbG90aGluZ3xlbnwwfHx8fDE3ODc0NzQ2OTF8MA&ixlib=rb-4.1.0&q=80&w=1080	Unsplash License	Robert Richman
pena	benda	https://unsplash.com/s/photos/single-pen	https://unsplash.com/photos/green-and-silver-click-pen-4EQAZWrzCJc	https://images.unsplash.com/photo-1585997631913-896180ae8acb?crop=entropy&cs=tinysrgb&fit=max&fm=jpg&ixid=M3wxMjA3fDB8MXxzZWFyY2h8NHx8c2luZ2xlJTIwcGVufGVufDB8fHx8MTc4NzQ3NDY5Mnww&ixlib=rb-4.1.0&q=80&w=1080	Unsplash License	Glen Carrie
roda	kendaraan	https://unsplash.com/s/photos/car-wheel-tire	https://unsplash.com/photos/gray-vehicle-rim-with-tire-9e_ssIz4jB4	https://images.unsplash.com/photo-1444947295498-07f60c19a4ff?crop=entropy&cs=tinysrgb&fit=max&fm=jpg&ixid=M3wxMjA3fDB8MXxzZWFyY2h8M3x8Y2FyJTIwd2hlZWwlMjB0aXJlfGVufDB8fHx8MTc4NzQ3NDY5M3ww&ixlib=rb-4.1.0&q=80&w=1080	Unsplash License	Mason Jones
becak	kendaraan	https://unsplash.com/s/photos/becak	https://unsplash.com/photos/man-sitting-on-the-trike-FnR_AQGCJMg	https://images.unsplash.com/photo-1537847550848-4729f855c27b?crop=entropy&cs=tinysrgb&fit=max&fm=jpg&ixid=M3wxMjA3fDB8MXxzZWFyY2h8N3x8c2luZ2xlJTIwcGVkaWNhYiUyMHJpY2tzaGF3fGVufDB8fHx8MTc4NzQ3NTQ0OHww&ixlib=rb-4.1.0&q=80&w=1080	Unsplash License	Anggit Rizkianto
feri	kendaraan	https://unsplash.com/s/photos/ferry-boat	https://unsplash.com/photos/a-large-white-boat-traveling-across-a-body-of-water-9utPXzOTrTY	https://images.unsplash.com/photo-1688880733011-0e391a4dd535?crop=entropy&cs=tinysrgb&fit=max&fm=jpg&ixid=M3wxMjA3fDB8MXxzZWFyY2h8M3x8ZmVycnklMjBib2F0fGVufDB8fHx8MTc4NzQ3NDY5NXww&ixlib=rb-4.1.0&q=80&w=1080	Unsplash License	Gene Gallin
peta	benda	https://unsplash.com/s/photos/paper-map	https://unsplash.com/photos/close-up-photography-of-map-yg8Cz-i5U30	https://images.unsplash.com/photo-1461183479101-6c14cd5299c4?crop=entropy&cs=tinysrgb&fit=max&fm=jpg&ixid=M3wxMjA3fDB8MXxzZWFyY2h8N3x8cGFwZXIlMjBtYXB8ZW58MHx8fHwxNzg3NDc0Njk2fDA&ixlib=rb-4.1.0&q=80&w=1080	Unsplash License	Stephen Monroe
toko	rumah	https://unsplash.com/s/photos/small-shop-storefront	https://unsplash.com/photos/white-and-red-store-front-during-daytime-3k7SoyBf564	https://images.unsplash.com/photo-1605542202587-5849be5054a4?crop=entropy&cs=tinysrgb&fit=max&fm=jpg&ixid=M3wxMjA3fDB8MXxzZWFyY2h8N3x8c21hbGwlMjBzaG9wJTIwc3RvcmVmcm9udHxlbnwwfHx8fDE3ODc0NzQ2OTh8MA&ixlib=rb-4.1.0&q=80&w=1080	Unsplash License	Spencer Imbrock
yoyo	benda	https://www.pexels.com/search/yo-yo/	https://commons.wikimedia.org/wiki/File:Yo-Yo-Plastic-Toy-Green.jpg	https://upload.wikimedia.org/wikipedia/commons/thumb/2/24/Yo-Yo-Plastic-Toy-Green.jpg/960px-Yo-Yo-Plastic-Toy-Green.jpg	Public domain	Evan-Amos
kado	benda	https://unsplash.com/s/photos/gift-box	https://unsplash.com/photos/wrapped-gift-box-ZLTlHeKbh04	https://images.unsplash.com/photo-1549465220-1a8b9238cd48?crop=entropy&cs=tinysrgb&fit=max&fm=jpg&ixid=M3wxMjA3fDB8MXxzZWFyY2h8Mnx8Z2lmdCUyMGJveHxlbnwwfHx8fDE3ODc0NzQ3MDB8MA&ixlib=rb-4.1.0&q=80&w=1080	Unsplash License	Ekaterina Shevchenko
foto	benda	https://www.pexels.com/search/children%20polaroid%20photos/	https://www.pexels.com/photo/child-sitting-by-polaroid-photos-on-wooden-floor-6074062/	https://images.pexels.com/photos/6074062/pexels-photo-6074062.jpeg	Pexels License	cottonbro studio
sapu	rumah	https://unsplash.com/s/photos/broom	https://unsplash.com/photos/a-broom-sitting-on-the-ground-next-to-a-body-of-water-tDF0AY7ECXY	https://images.unsplash.com/photo-1638900999395-22595e1785f6?crop=entropy&cs=tinysrgb&fit=max&fm=jpg&ixid=M3wxMjA3fDB8MXxzZWFyY2h8Mnx8YnJvb218ZW58MHx8fHwxNzg3NDc0NzAyfDA&ixlib=rb-4.1.0&q=80&w=1080	Unsplash License	Magnus S
tali	benda	https://unsplash.com/s/photos/coiled-rope	https://unsplash.com/photos/brown-rope-on-white-background-mvbAJ3JQFKY	https://images.unsplash.com/photo-1615486172027-23610c38d3a8?crop=entropy&cs=tinysrgb&fit=max&fm=jpg&ixid=M3wxMjA3fDB8MXxzZWFyY2h8M3x8Y29pbGVkJTIwcm9wZXxlbnwwfHx8fDE3ODc0NzQ3MDN8MA&ixlib=rb-4.1.0&q=80&w=1080	Unsplash License	Mockup Graphics
guci	rumah	https://www.pexels.com/search/colorful%20ceramic%20vase/	https://www.pexels.com/photo/colorful-ceramic-vase-with-intricate-patterns-36802406/	https://images.pexels.com/photos/36802406/pexels-photo-36802406.jpeg	Pexels License	Antoaneta Mehandova
kuda	hewan	https://unsplash.com/s/photos/horse-standing	https://unsplash.com/photos/brown-horse-on-green-grass-hill-Huza8QOO3tc	https://images.unsplash.com/photo-1450052590821-8bf91254a353?crop=entropy&cs=tinysrgb&fit=max&fm=jpg&ixid=M3wxMjA3fDB8MXxzZWFyY2h8NHx8aG9yc2UlMjBzdGFuZGluZ3xlbnwwfHx8fDE3ODc0NzQ3MDV8MA&ixlib=rb-4.1.0&q=80&w=1080	Unsplash License	David Dibert
rusa	hewan	https://unsplash.com/s/photos/deer-standing	https://unsplash.com/photos/red-and-gray-deer-oUIc4XH-VUY	https://images.unsplash.com/photo-1537694513497-5f0b0ec361c7?crop=entropy&cs=tinysrgb&fit=max&fm=jpg&ixid=M3wxMjA3fDB8MXxzZWFyY2h8OHx8ZGVlciUyMHN0YW5kaW5nfGVufDB8fHx8MTc4NzQ3NDcwN3ww&ixlib=rb-4.1.0&q=80&w=1080	Unsplash License	Benjamin Raffetseder
sapi	hewan	https://www.pexels.com/search/full%20cow%20field/	https://www.pexels.com/photo/photo-of-a-cow-standing-in-a-field-20111921/	https://images.pexels.com/photos/20111921/pexels-photo-20111921.jpeg	Pexels License	Nothing Ahead
sepeda	kendaraan	https://unsplash.com/s/photos/single-bicycle	https://unsplash.com/photos/white-road-bike-leaning-on-teal-wooden-wall-during-daytime-igKjieyjcko	https://images.unsplash.com/photo-1505705694340-019e1e335916?crop=entropy&cs=tinysrgb&fit=max&fm=jpg&ixid=M3wxMjA3fDB8MXxzZWFyY2h8NHx8c2luZ2xlJTIwYmljeWNsZXxlbnwwfHx8fDE3ODc0NzQ3MDl8MA&ixlib=rb-4.1.0&q=80&w=1080	Unsplash License	Carl Nenzen Loven
lemari	rumah	https://unsplash.com/s/photos/wooden-wardrobe-furniture	https://unsplash.com/photos/brown-wooden-2-door-cabinet-3fFBoEHee28	https://images.unsplash.com/photo-1558997519-83ea9252edf8?crop=entropy&cs=tinysrgb&fit=max&fm=jpg&ixid=M3wxMjA3fDB8MXxzZWFyY2h8Mnx8d29vZGVuJTIwd2FyZHJvYmUlMjBmdXJuaXR1cmV8ZW58MHx8fHwxNzg3NDc0NzExfDA&ixlib=rb-4.1.0&q=80&w=1080	Unsplash License	Rumman Amin
kelapa	makanan	https://unsplash.com/s/photos/coconut-fruit	https://unsplash.com/photos/white-and-brown-round-ornament-dFoOWRT97_0	https://images.unsplash.com/photo-1588413335653-34b770bca7c1?crop=entropy&cs=tinysrgb&fit=max&fm=jpg&ixid=M3wxMjA3fDB8MXxzZWFyY2h8Nnx8Y29jb251dCUyMGZydWl0fGVufDB8fHx8MTc4NzQ3NDcxMnww&ixlib=rb-4.1.0&q=80&w=1080	Unsplash License	Tijana Drndarski
pepaya	makanan	https://unsplash.com/s/photos/papaya-fruit-cut	https://unsplash.com/photos/orange-sliced-papaya-yPI38imbQSI	https://images.unsplash.com/photo-1517282009859-f000ec3b26fe?crop=entropy&cs=tinysrgb&fit=max&fm=jpg&ixid=M3wxMjA3fDB8MXxzZWFyY2h8M3x8cGFwYXlhJTIwZnJ1aXQlMjBjdXR8ZW58MHx8fHwxNzg3NDc0NzEzfDA&ixlib=rb-4.1.0&q=80&w=1080	Unsplash License	charlesdeluvio
kamera	benda	https://unsplash.com/s/photos/camera	https://unsplash.com/photos/black-canon-eos-rebel-series-dslr-camera-W2Dta_Yiwfw	https://images.unsplash.com/photo-1502920917128-1aa500764cbd?crop=entropy&cs=tinysrgb&fit=max&fm=jpg&ixid=M3wxMjA3fDB8MXxzZWFyY2h8Nnx8Y2FtZXJhfGVufDB8fHx8MTc4NzQ3NDcxNHww&ixlib=rb-4.1.0&q=80&w=1080	Unsplash License	Andrew Hutchings
selada	makanan	https://unsplash.com/s/photos/lettuce-head	https://unsplash.com/photos/a-head-of-lettuce-on-a-white-background-5MU_4hPl67Y	https://images.unsplash.com/photo-1640958904159-51ae08bd3412?crop=entropy&cs=tinysrgb&fit=max&fm=jpg&ixid=M3wxMjA3fDB8MXxzZWFyY2h8Mnx8bGV0dHVjZSUyMGhlYWR8ZW58MHx8fHwxNzg3NDc0NzE2fDA&ixlib=rb-4.1.0&q=80&w=1080	Unsplash License	Gabriel Mihalcea
menara	benda	https://unsplash.com/s/photos/tower	https://unsplash.com/photos/big-ben-london-MdJq0zFUwrw	https://images.unsplash.com/photo-1454793147212-9e7e57e89a4f?crop=entropy&cs=tinysrgb&fit=max&fm=jpg&ixid=M3wxMjA3fDB8MXxzZWFyY2h8M3x8dG93ZXJ8ZW58MHx8fHwxNzg3NDc0NzE3fDA&ixlib=rb-4.1.0&q=80&w=1080	Unsplash License	enrico bet
perahu	kendaraan	https://unsplash.com/s/photos/small-wooden-boat	https://unsplash.com/photos/brown-and-white-boat-on-lake-during-daytime-oQ1KFNoNdh4	https://images.unsplash.com/photo-1627676469886-1836c3275fd3?crop=entropy&cs=tinysrgb&fit=max&fm=jpg&ixid=M3wxMjA3fDB8MXxzZWFyY2h8Nnx8c21hbGwlMjB3b29kZW4lMjBib2F0fGVufDB8fHx8MTc4NzQ3NDcxOHww&ixlib=rb-4.1.0&q=80&w=1080	Unsplash License	Sergio Zhukov
kereta	kendaraan	https://unsplash.com/s/photos/train-locomotive	https://unsplash.com/photos/black-and-red-train-near-trees-rWR9LvWFoBE	https://images.unsplash.com/photo-1543967625-f24827a5fdb8?crop=entropy&cs=tinysrgb&fit=max&fm=jpg&ixid=M3wxMjA3fDB8MXxzZWFyY2h8NHx8dHJhaW4lMjBsb2NvbW90aXZlfGVufDB8fHx8MTc4NzQ3NDcyMHww&ixlib=rb-4.1.0&q=80&w=1080	Unsplash License	Alistair
cemara	alam	https://unsplash.com/s/photos/single-pine-tree	https://unsplash.com/photos/green-pine-tree-under-white-sky-W-SeuNdEEbs	https://images.unsplash.com/photo-1614183733044-a2bbd68e0b5d?crop=entropy&cs=tinysrgb&fit=max&fm=jpg&ixid=M3wxMjA3fDB8MXxzZWFyY2h8Nnx8c2luZ2xlJTIwcGluZSUyMHRyZWV8ZW58MHx8fHwxNzg3NDc0NzIxfDA&ixlib=rb-4.1.0&q=80&w=1080	Unsplash License	Itay Peer
rebana	benda	https://www.pexels.com/search/daf%20frame%20drum/	https://www.pexels.com/photo/a-woman-in-traditional-clothing-holding-a-daf-17697530/	https://images.pexels.com/photos/17697530/pexels-photo-17697530.jpeg	Pexels License	Vildan Hanne Doğan
karate	lainnya	https://unsplash.com/s/photos/karate-belt-uniform	https://unsplash.com/photos/a-man-in-a-karate-uniform-n5sr9hpCCOs	https://images.unsplash.com/photo-1656653424873-8491cd7bf5f8?crop=entropy&cs=tinysrgb&fit=max&fm=jpg&ixid=M3wxMjA3fDB8MXxzZWFyY2h8M3x8a2FyYXRlJTIwYmVsdCUyMHVuaWZvcm18ZW58MHx8fHwxNzg3NDc0NzIzfDA&ixlib=rb-4.1.0&q=80&w=1080	Unsplash License	Nguyen Hung
kemeja	benda	https://unsplash.com/s/photos/button-up-shirt	https://unsplash.com/photos/blue-button-up-shirt-on-white-table-BKYeLLB1OxI	https://images.unsplash.com/photo-1602810316693-3667c854239a?crop=entropy&cs=tinysrgb&fit=max&fm=jpg&ixid=M3wxMjA3fDB8MXxzZWFyY2h8M3x8YnV0dG9uJTIwdXAlMjBzaGlydHxlbnwwfHx8fDE3ODc0NzQ3MjR8MA&ixlib=rb-4.1.0&q=80&w=1080	Unsplash License	Nimble Made
celana	benda	https://www.pexels.com/search/child%20colorful%20pants/	https://www.pexels.com/photo/child-with-colorful-pants-sitting-outdoors-in-spring-31589170/	https://images.pexels.com/photos/31589170/pexels-photo-31589170.jpeg	Pexels License	Adefemi Adedoyin
sepatu	benda	https://unsplash.com/s/photos/single-shoe	https://unsplash.com/photos/gray-and-brown-suede-lace-up-shoe-VQxKattL-X4	https://images.unsplash.com/photo-1626947346165-4c2288dadc2a?crop=entropy&cs=tinysrgb&fit=max&fm=jpg&ixid=M3wxMjA3fDB8MXxzZWFyY2h8Mnx8c2luZ2xlJTIwc2hvZXxlbnwwfHx8fDE3ODc0NzQ3Mjd8MA&ixlib=rb-4.1.0&q=80&w=1080	Unsplash License	Or Hakim
melati	alam	https://unsplash.com/s/photos/jasmine-flower	https://unsplash.com/photos/a-close-up-of-a-white-flower-with-green-leaves-Zqai2COyXBw	https://images.unsplash.com/photo-1684472993236-b605bb80ca0b?crop=entropy&cs=tinysrgb&fit=max&fm=jpg&ixid=M3wxMjA3fDB8MXxzZWFyY2h8N3x8amFzbWluZSUyMGZsb3dlcnxlbnwwfHx8fDE3ODc0NzQ3Mjh8MA&ixlib=rb-4.1.0&q=80&w=1080	Unsplash License	MD. Mehedi Hassan Sharif
serabi	makanan	https://www.pexels.com/search/serabi/	https://www.pexels.com/photo/serabi-kuah-indonesian-coconut-pancakes-6802090/	https://images.pexels.com/photos/6802090/pexels-photo-6802090.jpeg	Pexels License	Anton Tezar
matahari	alam	https://unsplash.com/s/photos/bright-sun-sky	https://unsplash.com/photos/bright-white-sun-in-orange-sky-i4QIqfcTkN8	https://images.unsplash.com/photo-1594315590298-329f49c8dcb9?crop=entropy&cs=tinysrgb&fit=max&fm=jpg&ixid=M3wxMjA3fDB8MXxzZWFyY2h8M3x8YnJpZ2h0JTIwc3VuJTIwc2t5fGVufDB8fHx8MTc4NzQ3NDczMHww&ixlib=rb-4.1.0&q=80&w=1080	Unsplash License	Rajiv Bajaj
kacamata	benda	https://unsplash.com/s/photos/eyeglasses	https://unsplash.com/photos/black-framed-eyeglasses-e8TtkC5xyv4	https://images.unsplash.com/photo-1556306510-31ca015374b0?crop=entropy&cs=tinysrgb&fit=max&fm=jpg&ixid=M3wxMjA3fDB8MXxzZWFyY2h8NHx8ZXllZ2xhc3Nlc3xlbnwwfHx8fDE3ODc0NzQ3MzJ8MA&ixlib=rb-4.1.0&q=80&w=1080	Unsplash License	Claudio Schwarz
baki	benda	https://unsplash.com/s/photos/serving-tray	https://unsplash.com/photos/white-ceramic-mug-on-brown-wooden-serving-tray-UvdavRxRZ3c	https://images.unsplash.com/photo-1524084848619-1161d3c8501a?crop=entropy&cs=tinysrgb&fit=max&fm=jpg&ixid=M3wxMjA3fDB8MXxzZWFyY2h8M3x8c2VydmluZyUyMHRyYXl8ZW58MHx8fHwxNzg3NDc0NzMzfDA&ixlib=rb-4.1.0&q=80&w=1080	Unsplash License	Ben Schnell
batu	alam	https://www.pexels.com/search/child%20pebbles/	https://www.pexels.com/photo/child-making-a-bunny-from-pebbles-17761879/	https://images.pexels.com/photos/17761879/pexels-photo-17761879.jpeg	Pexels License	iddea photo
besi	benda	https://unsplash.com/s/photos/besi	https://unsplash.com/photos/stack-of-metal-pipes-on-a-factory-line-im7unQC9fUQ	https://images.unsplash.com/photo-1764835746713-34a671e73569?crop=entropy&cs=tinysrgb&fit=max&fm=jpg&ixid=M3wxMjA3fDB8MXxzZWFyY2h8N3x8c3RlZWwlMjBwaXBlcyUyMGlzb2xhdGVkfGVufDB8fHx8MTc4NzQ3NTQ0M3ww&ixlib=rb-4.1.0&q=80&w=1080	Unsplash License	xing bowen
bulu	tubuh	https://unsplash.com/s/photos/single-feather	https://unsplash.com/photos/a-single-feather-with-dark-stripes-on-a-gray-background-P2o_wseyvzc	https://images.unsplash.com/photo-1769527820185-0bda931602ba?crop=entropy&cs=tinysrgb&fit=max&fm=jpg&ixid=M3wxMjA3fDB8MXxzZWFyY2h8NHx8c2luZ2xlJTIwZmVhdGhlcnxlbnwwfHx8fDE3ODc0NzQ3Mzd8MA&ixlib=rb-4.1.0&q=80&w=1080	Unsplash License	Ed Stone
cuka	makanan	https://unsplash.com/s/photos/vinegar-bottle	https://unsplash.com/photos/a-bottle-of-wine-sitting-on-top-of-a-table-KL1xcrVav5A	https://images.unsplash.com/photo-1733336748539-9d7a6ddedad0?crop=entropy&cs=tinysrgb&fit=max&fm=jpg&ixid=M3wxMjA3fDB8MXxzZWFyY2h8N3x8dmluZWdhciUyMGJvdHRsZXxlbnwwfHx8fDE3ODc0NzQ3Mzh8MA&ixlib=rb-4.1.0&q=80&w=1080	Unsplash License	Haberdoedas
dasi	benda	https://www.pexels.com/search/child%20school%20tie/	https://www.pexels.com/photo/young-student-with-colorful-pinwheel-in-classroom-32292200/	https://images.pexels.com/photos/32292200/pexels-photo-32292200.jpeg	Pexels License	Green odette
duku	makanan	https://www.pexels.com/search/langsat/	https://www.pexels.com/photo/apples-and-langsat-with-green-leaves-5945929/	https://images.pexels.com/photos/5945929/pexels-photo-5945929.jpeg	Pexels License	Any Lane
gigi	tubuh	https://www.pexels.com/search/tooth%20model/	https://www.pexels.com/photo/a-dental-model-on-a-white-surface-5794073/	https://images.pexels.com/photos/5794073/pexels-photo-5794073.jpeg	Pexels License	emirkhan bal
gula	makanan	https://unsplash.com/s/photos/gula	https://unsplash.com/photos/a-pile-of-sugar-cubes-sitting-on-top-of-each-other-TXVntZ190Ao	https://images.unsplash.com/photo-1709651808265-977ed7ef78c6?crop=entropy&cs=tinysrgb&fit=max&fm=jpg&ixid=M3wxMjA3fDB8MXxzZWFyY2h8Mnx8d2hpdGUlMjBzdWdhciUyMGN1YmVzfGVufDB8fHx8MTc4NzQ3NTQ0NHww&ixlib=rb-4.1.0&q=80&w=1080	Unsplash License	Daniel Kraus
jala	benda	https://unsplash.com/s/photos/fishing-net	https://unsplash.com/photos/man-holding-a-fishnet-CbeApl8sxxw	https://images.unsplash.com/photo-1507124441518-c9584b9dc520?crop=entropy&cs=tinysrgb&fit=max&fm=jpg&ixid=M3wxMjA3fDB8MXxzZWFyY2h8Mnx8ZmlzaGluZyUyMG5ldHxlbnwwfHx8fDE3ODc0NzQ3NDN8MA&ixlib=rb-4.1.0&q=80&w=1080	Unsplash License	Fredrik Öhlander
jari	tubuh	https://www.pexels.com/search/child%20open%20hands/	https://www.pexels.com/photo/close-up-shot-of-a-boy-showing-his-palms-8657190/	https://images.pexels.com/photos/8657190/pexels-photo-8657190.jpeg	Pexels License	Ron Lach
kaca	benda	https://www.pexels.com/search/child%20looking%20in%20mirror/	https://www.pexels.com/photo/adorable-asian-girl-looking-at-mirror-with-timber-frame-5063069/	https://images.pexels.com/photos/5063069/pexels-photo-5063069.jpeg	Pexels License	Monstera Production
kaki	tubuh	https://unsplash.com/s/photos/bare-feet-close-up	https://unsplash.com/photos/a-close-up-of-a-babys-bare-feet-on-a-bed-32_sJlJa5gA	https://images.unsplash.com/photo-1575304180743-49fb3fba066e?crop=entropy&cs=tinysrgb&fit=max&fm=jpg&ixid=M3wxMjA3fDB8MXxzZWFyY2h8Mnx8YmFyZSUyMGZlZXQlMjBjbG9zZSUyMHVwfGVufDB8fHx8MTc4NzQ3NDc0N3ww&ixlib=rb-4.1.0&q=80&w=1080	Unsplash License	sippakorn yamkasikorn
kayu	alam	https://unsplash.com/s/photos/wood-logs	https://unsplash.com/photos/brown-tree-log-in-tilt-shift-lens-SZbauhjIizo	https://images.unsplash.com/photo-1589318549101-41a51f4ede6b?crop=entropy&cs=tinysrgb&fit=max&fm=jpg&ixid=M3wxMjA3fDB8MXxzZWFyY2h8NHx8d29vZCUyMGxvZ3N8ZW58MHx8fHwxNzg3NDc0NzQ4fDA&ixlib=rb-4.1.0&q=80&w=1080	Unsplash License	Irena Carpaccio
kera	hewan	https://unsplash.com/s/photos/monkey-sitting	https://unsplash.com/photos/brown-monkey-sitting-on-gray-concrete-floor-during-daytime-daC7ji1EMHM	https://images.unsplash.com/photo-1605559911160-a3d95d213904?crop=entropy&cs=tinysrgb&fit=max&fm=jpg&ixid=M3wxMjA3fDB8MXxzZWFyY2h8Mnx8bW9ua2V5JTIwc2l0dGluZ3xlbnwwfHx8fDE3ODc0NzQ3NDl8MA&ixlib=rb-4.1.0&q=80&w=1080	Unsplash License	Bob Brewer
kiwi	makanan	https://unsplash.com/s/photos/kiwi-fruit-cut	https://unsplash.com/photos/a-kiwi-cut-in-half-GAMExm6pQI0	https://images.unsplash.com/photo-1662303645991-185042acc773?crop=entropy&cs=tinysrgb&fit=max&fm=jpg&ixid=M3wxMjA3fDB8MXxzZWFyY2h8OHx8a2l3aSUyMGZydWl0JTIwY3V0fGVufDB8fHx8MTc4NzQ3NDc1MXww&ixlib=rb-4.1.0&q=80&w=1080	Unsplash License	Stacy
kuku	tubuh	https://www.pexels.com/search/child%20painting%20fingernails/	https://www.pexels.com/photo/photograph-of-a-kid-painting-a-person-s-fingernails-8652715/	https://images.pexels.com/photos/8652715/pexels-photo-8652715.jpeg	Pexels License	Ron Lach
labu	makanan	https://unsplash.com/s/photos/pumpkin	https://unsplash.com/photos/a-small-orange-pumpkin-on-a-white-background-CC6X_13kuFQ	https://images.unsplash.com/photo-1692680919402-95fc56f99225?crop=entropy&cs=tinysrgb&fit=max&fm=jpg&ixid=M3wxMjA3fDB8MXxzZWFyY2h8Mnx8cHVtcGtpbnxlbnwwfHx8fDE3ODc0NzQ3NTN8MA&ixlib=rb-4.1.0&q=80&w=1080	Unsplash License	personalgraphic.com
laci	rumah	https://www.pexels.com/search/colorful%20drawers/	https://www.pexels.com/photo/a-cabinet-with-colorful-drawers-6395828/	https://images.pexels.com/photos/6395828/pexels-photo-6395828.jpeg	Pexels License	Naveen Sahu
lada	makanan	https://unsplash.com/s/photos/black-peppercorns	https://unsplash.com/photos/a-bowl-of-black-pepper-on-an-orange-background-6FulpMThQ00	https://images.unsplash.com/photo-1649951806971-ad0e00408773?crop=entropy&cs=tinysrgb&fit=max&fm=jpg&ixid=M3wxMjA3fDB8MXxzZWFyY2h8Mnx8YmxhY2slMjBwZXBwZXJjb3Juc3xlbnwwfHx8fDE3ODc0NzQ3NTV8MA&ixlib=rb-4.1.0&q=80&w=1080	Unsplash License	Nancy Hughes
lava	alam	https://unsplash.com/s/photos/volcano-lava	https://unsplash.com/photos/volcanic-eruption-with-glowing-lava-tLxGw_ITs7k	https://images.unsplash.com/photo-1580250642511-1660fe42ad58?crop=entropy&cs=tinysrgb&fit=max&fm=jpg&ixid=M3wxMjA3fDB8MXxzZWFyY2h8M3x8dm9sY2FubyUyMGxhdmF8ZW58MHx8fHwxNzg3NDc0NzU2fDA&ixlib=rb-4.1.0&q=80&w=1080	Unsplash License	Alain Bonnardeaux
lele	hewan	https://unsplash.com/s/photos/catfish	https://unsplash.com/photos/underwater-photography-of-catfish-uWLvruHp8kY	https://images.unsplash.com/photo-1515735543535-12664d2453f8?crop=entropy&cs=tinysrgb&fit=max&fm=jpg&ixid=M3wxMjA3fDB8MXxzZWFyY2h8M3x8Y2F0ZmlzaHxlbnwwfHx8fDE3ODc0NzQ3NTd8MA&ixlib=rb-4.1.0&q=80&w=1080	Unsplash License	Milos Prelevic
mata	tubuh	https://unsplash.com/s/photos/human-eye-close-up	https://unsplash.com/photos/a-close-up-of-a-persons-green-eye-Skp6UUzGhgs	https://images.unsplash.com/photo-1637257987996-0ef939ce09cd?crop=entropy&cs=tinysrgb&fit=max&fm=jpg&ixid=M3wxMjA3fDB8MXxzZWFyY2h8M3x8aHVtYW4lMjBleWUlMjBjbG9zZSUyMHVwfGVufDB8fHx8MTc4NzQ3NDc1OHww&ixlib=rb-4.1.0&q=80&w=1080	Unsplash License	Matyi Molnár-Sáska
muka	tubuh	https://unsplash.com/s/photos/child-face-portrait	https://unsplash.com/photos/boy-in-blue-and-black-striped-sweater-5zaweEWW7GM	https://images.unsplash.com/photo-1606386666595-d135abc1e3b2?crop=entropy&cs=tinysrgb&fit=max&fm=jpg&ixid=M3wxMjA3fDB8MXxzZWFyY2h8NHx8Y2hpbGQlMjBmYWNlJTIwcG9ydHJhaXR8ZW58MHx8fHwxNzg3NDc0NzYwfDA&ixlib=rb-4.1.0&q=80&w=1080	Unsplash License	Kamran Ch
nira	makanan	https://www.pexels.com/search/toddy%20palm%20juice/	https://www.pexels.com/photo/refreshing-asian-toddy-palm-fruit-and-juice-36165653/	https://images.pexels.com/photos/36165653/pexels-photo-36165653.jpeg	Pexels License	neilstha firman
padi	alam	https://unsplash.com/s/photos/rice-plant-stalk	https://unsplash.com/photos/golden-rice-stalk-in-field-KW1SLscFtHA	https://images.unsplash.com/photo-1651981350249-6173caeeb660?crop=entropy&cs=tinysrgb&fit=max&fm=jpg&ixid=M3wxMjA3fDB8MXxzZWFyY2h8M3x8cmljZSUyMHBsYW50JTIwc3RhbGt8ZW58MHx8fHwxNzg3NDc0NzYyfDA&ixlib=rb-4.1.0&q=80&w=1080	Unsplash License	Rejaul Karim
pari	hewan	https://unsplash.com/s/photos/stingray-swimming	https://unsplash.com/photos/underwater-photo-of-a-manta-ray-if6TSdofJHY	https://images.unsplash.com/photo-1560038862-c571303f6364?crop=entropy&cs=tinysrgb&fit=max&fm=jpg&ixid=M3wxMjA3fDB8MXxzZWFyY2h8M3x8c3RpbmdyYXklMjBzd2ltbWluZ3xlbnwwfHx8fDE3ODc0NzQ3NjN8MA&ixlib=rb-4.1.0&q=80&w=1080	Unsplash License	David Clode
peti	benda	https://unsplash.com/s/photos/wooden-chest-box	https://unsplash.com/photos/a-close-up-of-two-pieces-of-clay-on-a-table-emolMCqnKfg	https://images.unsplash.com/photo-1740625948252-a96c3cc5fb3c?crop=entropy&cs=tinysrgb&fit=max&fm=jpg&ixid=M3wxMjA3fDB8MXxzZWFyY2h8NHx8d29vZGVuJTIwY2hlc3QlMjBib3h8ZW58MHx8fHwxNzg3NDc0NzY0fDA&ixlib=rb-4.1.0&q=80&w=1080	Unsplash License	Snapmaker 3D Printer
pipi	tubuh	https://unsplash.com/s/photos/child-cheek-close-up	https://unsplash.com/photos/girl-with-blue-eyes-and-black-hair-5dC79VpHBp4	https://images.unsplash.com/photo-1625322261603-5848c294a1cc?crop=entropy&cs=tinysrgb&fit=max&fm=jpg&ixid=M3wxMjA3fDB8MXxzZWFyY2h8N3x8Y2hpbGQlMjBjaGVlayUyMGNsb3NlJTIwdXB8ZW58MHx8fHwxNzg3NDc0NzY2fDA&ixlib=rb-4.1.0&q=80&w=1080	Unsplash License	Rendy Novantino
puma	hewan	https://unsplash.com/s/photos/puma-cougar-standing	https://unsplash.com/photos/a-cougar-sits-alertly-in-a-natural-setting-wbUe6DvxxOw	https://images.unsplash.com/photo-1777573284790-a6f7d32f49c5?crop=entropy&cs=tinysrgb&fit=max&fm=jpg&ixid=M3wxMjA3fDB8MXxzZWFyY2h8NHx8cHVtYSUyMGNvdWdhciUyMHN0YW5kaW5nfGVufDB8fHx8MTc4NzQ3NDc2N3ww&ixlib=rb-4.1.0&q=80&w=1080	Unsplash License	Sam
rawa	alam	https://unsplash.com/s/photos/green-marsh-wetland	https://unsplash.com/photos/white-duck-on-green-grass-field-near-lake-during-daytime-NFVkQMmHXMU	https://images.unsplash.com/photo-1627414879472-802bb4deab90?crop=entropy&cs=tinysrgb&fit=max&fm=jpg&ixid=M3wxMjA3fDB8MXxzZWFyY2h8Mnx8Z3JlZW4lMjBtYXJzaCUyMHdldGxhbmR8ZW58MHx8fHwxNzg3NDc0NzY4fDA&ixlib=rb-4.1.0&q=80&w=1080	Unsplash License	Sara Cottle
saku	benda	https://www.pexels.com/search/jeans%20pocket/	https://www.pexels.com/photo/close-up-of-jeans-6843238/	https://images.pexels.com/photos/6843238/pexels-photo-6843238.jpeg	Pexels License	Antoni Shkraba
sawi	makanan	https://unsplash.com/s/photos/bok-choy-vegetable	https://unsplash.com/photos/a-wooden-bowl-filled-with-green-leafy-vegetables-cCpJ5FYeL78	https://images.unsplash.com/photo-1708798051569-423da62ad13a?crop=entropy&cs=tinysrgb&fit=max&fm=jpg&ixid=M3wxMjA3fDB8MXxzZWFyY2h8M3x8Ym9rJTIwY2hveSUyMHZlZ2V0YWJsZXxlbnwwfHx8fDE3ODc0NzQ3NzB8MA&ixlib=rb-4.1.0&q=80&w=1080	Unsplash License	wei
siku	tubuh	https://www.pexels.com/search/children%20elbow%20bump/	https://www.pexels.com/photo/boy-and-girl-wearing-facemask-touching-elbows-5306502/	https://images.pexels.com/photos/5306502/pexels-photo-5306502.jpeg	Pexels License	Antoni Shkraba Studio
soda	makanan	https://unsplash.com/s/photos/glass-of-soda-drink	https://unsplash.com/photos/clear-drinking-glass-with-ice-cubes-and-lemon-h7a8RsZFzgc	https://images.unsplash.com/photo-1581636625402-29b2a704ef13?crop=entropy&cs=tinysrgb&fit=max&fm=jpg&ixid=M3wxMjA3fDB8MXxzZWFyY2h8Mnx8Z2xhc3MlMjBvZiUyMHNvZGElMjBkcmlua3xlbnwwfHx8fDE3ODc0NzQ3NzN8MA&ixlib=rb-4.1.0&q=80&w=1080	Unsplash License	David Foodphototasty
tebu	alam	https://unsplash.com/s/photos/sugarcane-stalks	https://unsplash.com/photos/brown-bamboo-sticks-on-brown-wooden-table-IPuuhSmsFIc	https://images.unsplash.com/photo-1585155113372-6c1808141bf3?crop=entropy&cs=tinysrgb&fit=max&fm=jpg&ixid=M3wxMjA3fDB8MXxzZWFyY2h8Mnx8c3VnYXJjYW5lJTIwc3RhbGtzfGVufDB8fHx8MTc4NzQ3NDc3NHww&ixlib=rb-4.1.0&q=80&w=1080	Unsplash License	Victoria Priessnitz
tuna	hewan	https://unsplash.com/s/photos/tuna-fish	https://unsplash.com/photos/silver-fish-on-white-plastic-container-KM146O68w3I	https://images.unsplash.com/photo-1611865882658-e50a23c537c9?crop=entropy&cs=tinysrgb&fit=max&fm=jpg&ixid=M3wxMjA3fDB8MXxzZWFyY2h8N3x8dHVuYSUyMGZpc2h8ZW58MHx8fHwxNzg3NDc0Nzc1fDA&ixlib=rb-4.1.0&q=80&w=1080	Unsplash License	Tony Sebastian
boneka	benda	https://unsplash.com/s/photos/toy-doll	https://unsplash.com/photos/a-barbie-doll-with-blonde-hair-and-pink-pants-avqR8MTUA3g	https://images.unsplash.com/photo-1730647338786-404f7ac0c936?crop=entropy&cs=tinysrgb&fit=max&fm=jpg&ixid=M3wxMjA3fDB8MXxzZWFyY2h8OHx8dG95JTIwZG9sbHxlbnwwfHx8fDE3ODc0NzQ3NzZ8MA&ixlib=rb-4.1.0&q=80&w=1080	Unsplash License	Julee Juu
ketela	makanan	https://unsplash.com/s/photos/cassava-root	https://unsplash.com/photos/pile-of-freshly-harvested-cassava-roots-sixDoAtyVwo	https://images.unsplash.com/photo-1757281096972-10fd02b0f5ea?crop=entropy&cs=tinysrgb&fit=max&fm=jpg&ixid=M3wxMjA3fDB8MXxzZWFyY2h8M3x8Y2Fzc2F2YSUyMHJvb3R8ZW58MHx8fHwxNzg3NDc0Nzc3fDA&ixlib=rb-4.1.0&q=80&w=1080	Unsplash License	Daniel Dan
pelita	benda	https://unsplash.com/s/photos/oil-lamp	https://unsplash.com/photos/lighted-kerosene-lantern-aPdUKy65qWE	https://images.unsplash.com/photo-1555488205-d5e67846cf40?crop=entropy&cs=tinysrgb&fit=max&fm=jpg&ixid=M3wxMjA3fDB8MXxzZWFyY2h8Mnx8b2lsJTIwbGFtcHxlbnwwfHx8fDE3ODc0NzQ3Nzh8MA&ixlib=rb-4.1.0&q=80&w=1080	Unsplash License	Vladimir Fedotov
layu	alam	https://unsplash.com/s/photos/wilted-flower	https://unsplash.com/photos/a-close-up-of-a-flower-on-a-white-background-iVAXi6FkTRQ	https://images.unsplash.com/photo-1635362931466-aa8081e23b63?crop=entropy&cs=tinysrgb&fit=max&fm=jpg&ixid=M3wxMjA3fDB8MXxzZWFyY2h8N3x8d2lsdGVkJTIwZmxvd2VyfGVufDB8fHx8MTc4NzQ3NDc4MHww&ixlib=rb-4.1.0&q=80&w=1080	Unsplash License	DWagonerd
pagi	alam	https://unsplash.com/s/photos/morning-sunrise	https://unsplash.com/photos/brown-field-near-tree-during-daytime-sYffw0LNr7s	https://images.unsplash.com/photo-1500382017468-9049fed747ef?crop=entropy&cs=tinysrgb&fit=max&fm=jpg&ixid=M3wxMjA3fDB8MXxzZWFyY2h8NHx8bW9ybmluZyUyMHN1bnJpc2V8ZW58MHx8fHwxNzg3NDc0NzgxfDA&ixlib=rb-4.1.0&q=80&w=1080	Unsplash License	Federico Respini
teri	makanan	https://unsplash.com/s/photos/small-anchovy-fish	https://unsplash.com/photos/fish-lot-KJFLWEkrhPQ	https://images.unsplash.com/photo-1487335414417-ac48b43a8cc7?crop=entropy&cs=tinysrgb&fit=max&fm=jpg&ixid=M3wxMjA3fDB8MXxzZWFyY2h8M3x8c21hbGwlMjBhbmNob3Z5JTIwZmlzaHxlbnwwfHx8fDE3ODc0NzQ3ODJ8MA&ixlib=rb-4.1.0&q=80&w=1080	Unsplash License	Erwan Hesry
toga	benda	https://unsplash.com/s/photos/graduation-cap-gown	https://unsplash.com/photos/woman-wearing-academic-cap-and-dress-selective-focus-photography-1VqHRwxcCCw	https://images.unsplash.com/photo-1523580846011-d3a5bc25702b?crop=entropy&cs=tinysrgb&fit=max&fm=jpg&ixid=M3wxMjA3fDB8MXxzZWFyY2h8M3x8Z3JhZHVhdGlvbiUyMGNhcCUyMGdvd258ZW58MHx8fHwxNzg3NDc0NzgzfDA&ixlib=rb-4.1.0&q=80&w=1080	Unsplash License	MD Duran
